Serial,Suffix
:ref:`D12_UW <D12_UW>`,A
:ref:`D13_UW <D13_UW>`,B
:ref:`D15_UW <D15_UW>`,C
:ref:`D14_UW <D14_UW>`,D
:ref:`BL1_UW <BL1_UW>`,E
:ref:`BL2_UW <BL2_UW>`,F
:ref:`BL3_UW <BL3_UW>`,G
:ref:`BL4_UW <BL4_UW>`,H
:ref:`BL5_UW <BL5_UW>`,I
:ref:`BL6_UW <BL6_UW>`,J
:ref:`BL7_UW <BL7_UW>`,K
:ref:`BL8_UW <BL8_UW>`,L
:ref:`BL9_UW <BL9_UW>`,M
:ref:`BL10_UW <BL10_UW>`,N
:ref:`BL11_UW <BL11_UW>`,O
:ref:`BL12_UW <BL12_UW>`,P
:ref:`BL13_UW <BL13_UW>`,Q
:ref:`BL14_UW <BL14_UW>`,R
:ref:`BL15_UW <BL15_UW>`,S
:ref:`BL16_UW <BL16_UW>`,T
:ref:`BL17_UW <BL17_UW>`,U
:ref:`BL18_UW <BL18_UW>`,V
:ref:`BL19_UW <BL19_UW>`,W
:ref:`BL20_UW <BL20_UW>`,X
:ref:`BL21_UW <BL21_UW>`,Y
:ref:`BL22_UW <BL22_UW>`,Z
