Name ,Institution
Veronica Bellucco ,KCL
Alex Björkegren ,KCL
Matt Blackett ,KCL
Cris Castillo ,KCL
Jon Durrans ,KCL
Oscar Finnemore ,KCL
Mariana Lina Gouvea ,KCL
Grace Healy,KCL
Dr Jiang-Ping He ,KCL
Leena Järvi ,KCL
Mark de Jong ,KCL
Jinda Sae-Jung ,KCL
Fredrik Lindberg ,KCL
Thomas Loridan ,KCL
Lucía López Martínez ,KCL
John Mustchin,KCL
Lukas Pauscher,KCL
Pru Robinson,KCL
Alessandra Sala ,KCL
Tom Smith ,KCL
Marc Thomas,KCL
Helen Ward ,KCL/UR
Simone Kotthaus ,KCL/UR
Will Morrison,KCL/UR
Duick Young,KCL/UR
Kjell Zum Berge,UR
Jess Brown,UR
Beth Saunders,UR
Dr. Andy Gabey,UR
Dr. Mat Lipson,UR
Dr. Ting Sun,UR
Mathew (Yan) Ng,UR
Meg Stretton,UR
Dr. Ben Crawford,UR
Dr. Elliot Warren,UR
Dr Natalie Theeuwes,UR
Dr. Hamidreza Omidvar,UR
Dr. Christoph Kent,UR
Isabella Capel Timms,UR
